{
    "AcquisitionNumber": 1,
    "AcquisitionTime": "13:42:50.837500",
    "BrainVoyagerInfo": {
        "AcquisitionTime": "134250.837500",
        "CalculatedDicomSlice1CenterX": -2.16046142578125,
        "CalculatedDicomSlice1CenterY": -21.673179626464844,
        "CalculatedDicomSlice1CenterZ": -96.54534912109375,
        "CalculatedDicomSliceNCenterX": -2.7935492992401123,
        "CalculatedDicomSliceNCenterY": 7.441711902618408,
        "CalculatedDicomSliceNCenterZ": 27.584314346313477,
        "CoordinateSystem": 1,
        "DataStorageFormat": 2,
        "DataType": 2,
        "DicomColDirX": 0,
        "DicomColDirY": 0.9735779762268066,
        "DicomColDirZ": -0.22835488617420197,
        "DicomFoVCols": 210,
        "DicomFoVRows": 210,
        "DicomGapThickness": 0,
        "DicomNCols": 84,
        "DicomNRows": 84,
        "DicomPosInfoPresent": 1,
        "DicomRowDirX": 0.9999876618385315,
        "DicomRowDirY": 0.0011339038610458374,
        "DicomRowDirZ": 0.004834191408008337,
        "DicomSliceThickness": 2.5,
        "DocumentType": "FMR",
        "MultiBandSequence": true,
        "NrOfPastSpatialTransformations": 0,
        "NrOfPreprocessingSteps": 0,
        "NrOfSkippedVolumes": 0,
        "Protocol": {
            "Conditions": [
                {
                    "ColorB": 255,
                    "ColorG": 163,
                    "ColorR": 255,
                    "IntervalsFrom": [
                        49,
                        65,
                        85,
                        105,
                        121,
                        125,
                        141,
                        157,
                        161
                    ],
                    "IntervalsTo": [
                        49,
                        65,
                        85,
                        105,
                        121,
                        125,
                        141,
                        157,
                        161
                    ],
                    "Name": "Face_Left",
                    "NrOfIntervals": 9
                },
                {
                    "ColorB": 255,
                    "ColorG": 0,
                    "ColorR": 255,
                    "IntervalsFrom": [
                        17,
                        21,
                        33,
                        57,
                        69,
                        73,
                        101,
                        133,
                        241
                    ],
                    "IntervalsTo": [
                        17,
                        21,
                        33,
                        57,
                        69,
                        73,
                        101,
                        133,
                        241
                    ],
                    "Name": "Face_Center",
                    "NrOfIntervals": 9
                },
                {
                    "ColorB": 95,
                    "ColorG": 2,
                    "ColorR": 187,
                    "IntervalsFrom": [
                        61,
                        81,
                        149,
                        165,
                        173,
                        197,
                        237,
                        253,
                        257
                    ],
                    "IntervalsTo": [
                        61,
                        81,
                        149,
                        165,
                        173,
                        197,
                        237,
                        253,
                        257
                    ],
                    "Name": "Face_Right",
                    "NrOfIntervals": 9
                },
                {
                    "ColorB": 126,
                    "ColorG": 255,
                    "ColorR": 126,
                    "IntervalsFrom": [
                        37,
                        97,
                        145,
                        153,
                        185,
                        193,
                        213,
                        221
                    ],
                    "IntervalsTo": [
                        37,
                        97,
                        145,
                        153,
                        185,
                        193,
                        213,
                        221
                    ],
                    "Name": "Hand_Left",
                    "NrOfIntervals": 8
                },
                {
                    "ColorB": 0,
                    "ColorG": 199,
                    "ColorR": 0,
                    "IntervalsFrom": [
                        25,
                        45,
                        89,
                        113,
                        169,
                        217,
                        229,
                        261
                    ],
                    "IntervalsTo": [
                        25,
                        45,
                        89,
                        113,
                        169,
                        217,
                        229,
                        261
                    ],
                    "Name": "Hand_Center",
                    "NrOfIntervals": 8
                },
                {
                    "ColorB": 0,
                    "ColorG": 86,
                    "ColorR": 0,
                    "IntervalsFrom": [
                        77,
                        117,
                        129,
                        177,
                        205,
                        209,
                        225,
                        245
                    ],
                    "IntervalsTo": [
                        77,
                        117,
                        129,
                        177,
                        205,
                        209,
                        225,
                        245
                    ],
                    "Name": "Hand_Right",
                    "NrOfIntervals": 8
                }
            ],
            "FileName": "sub-13_ses-01_MainExp_run-3.prt",
            "Name": "newbi4fmri_MainExp",
            "NrOfConditions": 6,
            "TimeCourseColors": {
                "RefTCPenThick": 3,
                "RefTimeCourseB": 80,
                "RefTimeCourseG": 0,
                "RefTimeCourseR": 0,
                "TCBackColorB": 0,
                "TCBackColorG": 0,
                "TCBackColorR": 0,
                "TCPenThick": 3,
                "TCTextColorB": 255,
                "TCTextColorG": 255,
                "TCTextColorR": 255,
                "TimeCourseB": 255,
                "TimeCourseG": 255,
                "TimeCourseR": 255
            },
            "TimeResolution": "Volumes"
        },
        "SliceAcquisitionOrder": 5,
        "SliceAcquisitionOrderVerified": true,
        "SliceGap": 0,
        "SliceThickness": 2.5,